"","x","y","cl"
"1",-0.192233889,-0.405403655,"0"
"2",-0.242327499,-0.027748177,"1"
"3",0.052322433,0.245295167,"0"
"4",-0.44361685,-0.215484052,"1"
"5",-0.031450716,0.036572802,"0"
"6",-0.016229265,0.266587721,"0"
"7",0.312402618,0.172949492,"1"
"8",-0.129679463,0.346425449,"0"
"9",0.046558595,0.206808023,"0"
"10",-0.329737949,-0.426150363,"0"
"11",0.124996477,0.447467309,"0"
"12",0.382165518,-0.08308361,"1"
"13",-0.21964616,0.406797833,"0"
"14",-0.101512098,-0.3134175,"0"
"15",0.262551082,-0.038971009,"1"
"16",0.169021712,-0.237040307,"0"
"17",-0.295387838,0.149597318,"1"
"18",-0.142475147,-0.249660481,"0"
"19",-0.140524885,0.280842539,"0"
"20",0.190290528,0.427335711,"0"
"21",0.035811154,0.157793317,"0"
"22",0.210803845,0.252835202,"0"
"23",0.038348698,-0.010683642,"1"
"24",0.248972227,-0.353711305,"0"
"25",-0.079898549,0.410049457,"0"
"26",-0.328579787,0.027467078,"1"
"27",0.27030161,0.271836714,"0"
"28",0.381953588,-0.445124176,"0"
"29",0.04909671,-0.172442921,"0"
"30",-0.222276243,-0.08321587,"1"
"31",-0.011694006,-0.269387237,"0"
"32",0.428505075,-0.373180596,"1"
"33",-0.151308018,-0.302496819,"0"
"34",0.454157708,-0.026889703,"1"
"35",0.195274139,-0.409889377,"0"
"36",0.389453539,0.044155086,"1"
"37",-0.319592755,0.244820195,"1"
"38",0.12939085,0.067039451,"1"
"39",0.489564137,-0.139212613,"1"
"40",-0.36971113,-0.215380088,"1"
"41",-0.169339474,0.019716365,"1"
"42",0.365120547,0.3490898,"1"
"43",0.277584439,-0.361114707,"0"
"44",0.32730345,0.277302523,"1"
"45",0.103324356,0.0146191,"1"
"46",-0.008768178,-0.367805951,"0"
"47",0.280358511,-0.495649726,"0"
"48",0.384227027,-0.182704065,"1"
"49",-0.292286102,-0.484115806,"0"
"50",-0.192914103,-0.360912421,"0"
"51",-0.169470152,0.36268971,"0"
"52",-0.30132093,0.108211681,"1"
"53",-0.264305698,-0.453942235,"0"
"54",-0.22511334,0.069287466,"1"
"55",0.091321054,-0.193728003,"0"
"56",-0.246609346,0.341200964,"0"
"57",-0.37651277,-0.401474939,"0"
"58",-0.270094113,0.088656687,"1"
"59",0.097575292,-0.245489122,"0"
"60",-0.288591444,-0.368299494,"0"
"61",-0.036298822,0.044253852,"0"
"62",0.147101194,0.131808481,"1"
"63",0.460573092,0.454311827,"1"
"64",0.176398172,-0.162829755,"1"
"65",-0.054851978,0.425341691,"0"
"66",-0.142226217,-0.40530382,"0"
"67",-0.044268544,0.082313555,"0"
"68",-0.054586023,0.242853694,"0"
"69",-0.254907411,-0.20380277,"1"
"70",0.194350712,0.258553318,"0"
"71",-0.087762965,0.099558291,"0"
"72",-0.172274131,0.490555514,"0"
"73",0.072564767,-0.333601719,"0"
"74",0.466999084,-0.206128497,"1"
"75",0.161779022,0.020716531,"1"
"76",0.124697717,0.190611549,"0"
"77",0.356653043,0.398416971,"0"
"78",0.274778888,-0.17078915,"1"
"79",0.334027099,-0.17994997,"1"
"80",-0.408489721,-0.026196933,"1"
"81",-0.040474513,-0.20399493,"0"
"82",0.099398156,0.143002406,"0"
"83",0.419721911,0.297160555,"1"
"84",0.482824077,0.325869921,"1"
"85",-0.462197421,0.138712386,"1"
"86",0.077937401,0.3374198,"0"
"87",0.233314168,0.174379544,"1"
"88",-0.251257597,-0.223234346,"1"
"89",-0.199263475,0.310438509,"0"
"90",0.233466702,-0.201049169,"1"
"91",0.406954376,-0.043161279,"1"
"92",-0.290183232,-0.178711073,"1"
"93",-0.141862011,-0.492618088,"0"
"94",-0.051700856,0.409716415,"0"
"95",0.406426433,0.268987017,"1"
"96",-0.110560704,-0.493938067,"0"
"97",0.017459749,-0.429008038,"0"
"98",-0.374760912,0.300179963,"1"
"99",-0.469854254,0.146985629,"1"
"100",0.271805495,-0.061871907,"1"
"101",-0.172584918,0.246835746,"0"
"102",-0.110521307,-0.011020654,"1"
"103",-0.458947245,-0.021956459,"1"
"104",-0.138603366,0.326841164,"0"
"105",0.070978084,0.067345741,"1"
"106",0.184880242,0.47893784,"0"
"107",0.471116747,0.384757184,"1"
"108",0.201958807,-0.034799685,"1"
"109",-0.488454495,0.296619675,"1"
"110",0.035532129,0.174475601,"0"
"111",0.336571463,0.403187802,"0"
"112",0.306866742,0.042902389,"1"
"113",-0.419067357,-0.399881843,"1"
"114",-0.261090698,0.284346248,"0"
"115",0.465989864,-0.325260273,"1"
"116",-0.462327674,0.131585635,"1"
"117",0.416406432,0.143331339,"1"
"118",0.226226578,-0.343267285,"0"
"119",-0.299223786,-0.004112073,"1"
"120",0.340200746,-0.13562736,"1"
"121",-0.103337653,-0.222476403,"0"
"122",-0.107297741,-0.124651412,"0"
"123",-0.027443113,0.322573777,"0"
"124",0.083656915,-0.302034775,"0"
"125",-0.147612831,-0.037443166,"1"
"126",-0.471525987,0.233199941,"1"
"127",0.495087935,0.336197246,"1"
"128",0.457558459,0.43615418,"1"
"129",0.051651176,-0.315587769,"0"
"130",-0.398046043,-0.256673147,"1"
"131",-0.262084852,0.093790459,"1"
"132",0.360097665,-0.042215351,"1"
"133",0.238261286,-0.260495729,"0"
"134",-0.002687735,-0.246667297,"0"
"135",0.079921085,-0.404053138,"0"
"136",-0.483816615,0.006628082,"1"
"137",-0.027870118,0.295988215,"0"
"138",-0.457610271,-0.443972988,"1"
"139",-0.036845584,0.219765122,"0"
"140",0.129994768,0.231300485,"0"
"141",0.173249288,-0.412657981,"0"
"142",-0.412965329,0.434051532,"0"
"143",-0.3564162,0.125086517,"1"
"144",0.408478499,0.402079907,"1"
"145",-0.37746741,-0.103625315,"1"
"146",0.228862792,0.249527853,"0"
"147",0.450377176,-0.381795323,"1"
"148",-0.456644085,-0.332953581,"1"
"149",-0.480400702,0.074268748,"1"
"150",-0.30092754,0.092683082,"1"
"151",0.005086262,0.19397247,"0"
"152",0.426388763,-0.297720661,"1"
"153",-0.361598308,0.022201575,"1"
"154",-0.330805424,0.313396338,"1"
"155",0.106627378,0.416158199,"0"
"156",0.315876693,0.446388445,"0"
"157",0.343381207,0.313432247,"1"
"158",0.288077194,0.049542098,"1"
"159",-0.480979134,-0.430202367,"1"
"160",0.198087497,-0.437680181,"0"
"161",0.315093115,0.477735519,"0"
"162",0.068400061,0.070571361,"0"
"163",-0.019937117,0.317313494,"0"
"164",-0.338629882,0.102071855,"1"
"165",-0.410743768,0.235559979,"1"
"166",-0.337317625,0.298843008,"1"
"167",-0.47327155,0.3998306,"1"
"168",0.209629476,-0.226768129,"0"
"169",0.261018177,-0.418705597,"0"
"170",0.357474779,-0.47142669,"0"
"171",-0.06273418,0.031037571,"1"
"172",-0.082863553,0.409991686,"0"
"173",0.08564949,-0.457955921,"0"
"174",0.324967581,-0.058328847,"1"
"175",0.293139227,0.279766544,"1"
"176",-0.17384743,-0.258082478,"0"
"177",0.457931943,0.062131148,"1"
"178",0.15301961,0.03744478,"1"
"179",-0.041324181,-0.19580706,"0"
"180",0.106021883,-0.166702949,"0"
"181",-0.211278063,0.102511128,"1"
"182",0.217830844,0.472658257,"0"
"183",0.423397443,0.385251973,"1"
"184",0.174939486,-0.304869982,"0"
"185",-0.314060008,0.168353434,"1"
"186",-0.151932837,0.409629349,"0"
"187",-0.376480469,0.126953554,"1"
"188",-0.391883781,0.225091803,"1"
"189",-0.2020468,0.36703156,"0"
"190",0.338199901,0.105250908,"1"
"191",0.492771094,0.49151913,"1"
"192",-0.062865591,0.365613346,"0"
"193",-0.297435429,0.269829959,"1"
"194",0.463871501,0.035265125,"1"
"195",0.160387112,-0.316169763,"0"
"196",-0.201883171,0.39052057,"0"
"197",-0.380737814,0.27575679,"1"
"198",0.099751601,-0.433157934,"0"
"199",-0.379809447,0.404437319,"0"
"200",0.288432016,0.337970049,"0"
"201",-0.130403929,0.172513192,"0"
"202",0.456322836,-0.470470447,"0"
"203",0.413576656,-0.302679041,"1"
"204",0.323336344,-0.3613632,"0"
"205",-0.180517844,-0.352668549,"0"
"206",0.377700326,0.429107272,"0"
"207",0.300350998,0.001593275,"1"
"208",0.111356641,0.138075882,"0"
"209",-0.427578863,-0.422135619,"1"
"210",-0.07841229,-0.107144956,"0"
"211",-0.155534399,0.189873585,"0"
"212",0.251735687,0.085043649,"1"
"213",-0.28124868,0.332550942,"0"
"214",-0.207866027,-0.191169634,"1"
"215",-0.144046635,0.196630936,"0"
"216",0.131961924,0.215349178,"0"
"217",0.392531067,-0.36665339,"1"
"218",0.244032781,-0.175666007,"1"
"219",-0.042777578,-0.115035337,"0"
"220",-0.463904556,0.245140525,"1"
"221",0.068514518,0.472823951,"0"
"222",-0.06098411,0.386159773,"0"
"223",0.100484454,-0.490880101,"0"
"224",0.451382762,0.162854066,"1"
"225",-0.230568688,-0.164741931,"1"
"226",0.158838391,0.025870716,"1"
"227",-0.423528787,-0.079186532,"1"
"228",-0.428714792,0.402885072,"1"
"229",-0.12966848,0.360213075,"0"
"230",-0.2028978,0.352773713,"0"
"231",0.051078272,-0.219329309,"0"
"232",-0.130109411,0.293337702,"0"
"233",0.345689532,-0.08384476,"1"
"234",0.120790703,-0.109661241,"1"
"235",-0.100859978,-0.159961368,"0"
"236",-0.200338472,-0.456716747,"0"
"237",-0.118880163,0.153749314,"0"
"238",0.201134936,0.097868659,"1"
"239",0.446865291,-0.409417516,"1"
"240",0.272828321,0.216550993,"1"
"241",-0.280449838,0.489592345,"0"
"242",0.216110362,0.181896214,"1"
"243",0.164217965,-0.137014892,"1"
"244",0.206250201,0.390084096,"0"
"245",-0.220372007,-0.125933956,"1"
"246",0.212250495,0.285832419,"0"
"247",0.160942108,-0.166024416,"0"
"248",-0.458987311,0.108802983,"1"
"249",-0.438858505,-0.090803071,"1"
"250",-0.220238307,-0.492490112,"0"
"251",-0.198032283,-0.022296441,"1"
"252",0.45661083,-0.095537399,"1"
"253",-0.110181281,-0.145070487,"0"
"254",-0.128211213,-0.275593881,"0"
"255",0.343142486,0.182356996,"1"
"256",0.347235,-0.160850172,"1"
"257",-0.180668847,-0.024600971,"1"
"258",-0.367493954,-0.420146957,"0"
"259",0.11710912,-0.483318561,"0"
"260",0.291304509,-0.064467071,"1"
"261",-0.161951294,-0.341885445,"0"
"262",0.405447597,0.081415591,"1"
"263",-0.30244329,-0.197702663,"1"
"264",0.294085179,-0.227176619,"1"
"265",0.254602895,0.486454699,"0"
"266",0.411394847,-0.48272273,"0"
"267",-0.177312295,0.127403576,"1"
"268",-0.413830527,-0.175474508,"1"
"269",0.411200454,-0.399165133,"1"
"270",0.455173825,0.403886507,"1"
"271",0.171142944,0.481174148,"0"
"272",0.244982201,0.097307998,"1"
"273",-0.059983024,0.209155346,"0"
"274",-0.384960582,-0.130861673,"1"
"275",0.175642782,0.47780982,"0"
"276",0.231559517,-0.135490712,"1"
"277",-0.016015097,-0.113164303,"0"
"278",-0.328951962,-0.155305491,"1"
"279",0.175848535,0.184921451,"0"
"280",-0.237010054,0.481478553,"0"
"281",-0.158519171,-0.41597899,"0"
"282",-0.289754457,-0.269544165,"1"
"283",-0.483680406,0.321973091,"1"
"284",-0.123237123,-0.469804036,"0"
"285",0.062307402,-0.293803809,"0"
"286",0.179984608,0.013071402,"1"
"287",0.24538877,-0.241972952,"1"
"288",0.450072722,0.148439016,"1"
"289",-0.336909286,0.431770058,"0"
"290",-0.175243098,-0.419704906,"0"
"291",-0.367283965,-0.326702612,"1"
"292",0.137297439,-0.133683123,"1"
"293",-0.169070389,-0.379803477,"0"
"294",0.149079573,-0.351583493,"0"
"295",-0.197111641,0.286143693,"0"
"296",-0.428766734,0.015664329,"1"
"297",0.162390469,-0.287008245,"0"
"298",0.259603562,0.216312152,"1"
"299",0.053360169,0.338777959,"0"
"300",0.039272098,-0.132515701,"0"
"301",0.34959232,0.482450001,"0"
"302",0.153225959,-0.123024635,"1"
"303",0.450885756,0.466173188,"0"
"304",0.117223048,-0.197473506,"0"
"305",-0.007159366,0.152758237,"0"
"306",0.476006565,-0.345053917,"1"
"307",-0.009654784,-0.038102916,"0"
"308",0.155172303,-0.332080947,"0"
"309",0.098801789,0.270449555,"0"
"310",0.447569016,-0.205326328,"1"
"311",-0.131988493,0.371877405,"0"
"312",0.378187005,0.189380216,"1"
"313",-0.045124932,0.286237354,"0"
"314",-0.003532985,-0.091983912,"0"
"315",-0.039384385,0.275438312,"0"
"316",0.117908197,0.3394364,"0"
"317",0.104143492,-0.122926078,"0"
"318",0.285879603,-0.349177456,"0"
"319",0.055268475,-0.493662786,"0"
"320",0.268978339,-0.008111942,"1"
"321",-0.095714327,-0.029913573,"1"
"322",0.01071981,0.357763752,"0"
"323",0.023536443,-0.323119002,"0"
"324",0.492799208,0.060150238,"1"
"325",-0.070352579,0.391551466,"0"
"326",0.496011255,0.274404618,"1"
"327",0.286600247,0.072724013,"1"
"328",0.015910635,-0.271296467,"0"
"329",0.002687966,0.299087411,"0"
"330",0.411637484,-0.220331939,"1"
"331",-0.235584103,0.248771413,"0"
"332",-0.326143132,-0.129895989,"1"
"333",-0.099668745,-0.413725733,"0"
"334",0.038357384,-0.201745687,"0"
"335",-0.255035625,0.247062177,"1"
"336",-0.124149042,0.394112278,"0"
"337",0.080253547,0.266148844,"0"
"338",-0.291044688,0.369893295,"0"
"339",0.301330007,0.115522658,"1"
"340",0.138802415,0.329866405,"0"
"341",0.236330756,-0.325048879,"0"
"342",-0.061187592,0.287731918,"0"
"343",0.079812383,0.394071775,"0"
"344",-0.243955991,0.44204913,"0"
"345",-0.036281768,-0.45445793,"0"
"346",-0.331385141,0.093081933,"1"
"347",0.113894533,0.430880038,"0"
"348",0.458102621,-0.354974831,"1"
"349",-0.021805271,0.362417075,"0"
"350",0.251159331,-0.270785169,"0"
"351",-0.479416783,-0.123815825,"1"
"352",-0.329030973,-0.270508174,"1"
"353",0.139966496,0.469307939,"0"
"354",-0.335021515,-0.368402608,"0"
"355",-0.145277225,0.109028496,"1"
"356",-0.313573526,-0.215954158,"1"
"357",0.397656161,-0.236405698,"1"
"358",-0.262216144,0.450865732,"0"
"359",0.484943485,0.32079199,"1"
"360",-0.478669263,-0.047330208,"1"
"361",-0.392461035,0.083413674,"1"
"362",-0.255173172,-0.15479431,"1"
"363",0.222362406,-0.472208536,"0"
"364",-0.467265057,-0.039619569,"1"
"365",0.049349994,-0.114925477,"0"
"366",0.182808681,-0.391124251,"0"
"367",-0.199759103,-0.449118773,"0"
"368",-0.111225539,0.230649507,"0"
"369",0.232446152,-0.229464871,"1"
"370",0.462496418,-0.483327736,"0"
"371",0.26059617,-0.174888657,"1"
"372",0.081673162,0.430813524,"0"
"373",-0.037127007,0.412691443,"0"
"374",-0.14369038,-0.448395205,"0"
"375",-0.116078184,-0.429635378,"0"
"376",-0.294218968,0.340225938,"0"
"377",-0.361219629,0.04098585,"1"
"378",-0.110917856,0.255434505,"0"
"379",-0.233953777,0.078553233,"1"
"380",0.203296282,-0.380231952,"0"
"381",-0.092121833,-0.169887503,"0"
"382",-0.234435806,0.400348216,"0"
"383",-0.099022145,-0.271635152,"0"
"384",-0.302686868,-0.190447723,"1"
"385",0.329931688,0.270928348,"1"
"386",0.02798773,0.469186244,"0"
"387",-0.10486981,0.18269096,"0"
"388",0.073966566,-0.143712809,"0"
"389",0.47097207,0.096096553,"1"
"390",0.150149828,0.318059862,"0"
"391",-0.166398841,0.104401364,"1"
"392",-0.168552571,-0.11254796,"1"
"393",0.442434883,0.449844583,"0"
"394",-0.118887505,-0.158457241,"0"
"395",0.064323923,0.338181524,"0"
"396",0.011515689,-0.482203165,"0"
"397",-0.361139445,-0.135668881,"1"
"398",-0.260210587,0.314403104,"0"
"399",0.218009098,-0.058815178,"1"
"400",-0.202776222,-0.237798224,"0"
"401",0.01123742,-0.108038669,"0"
"402",-0.222289344,-0.001580746,"1"
"403",-0.139343072,0.391100391,"0"
"404",-0.062472149,0.051513068,"1"
"405",0.303066731,-0.158177204,"1"
"406",0.020609729,-0.045396311,"0"
"407",0.196152071,-0.362503261,"0"
"408",0.347836898,0.370249459,"0"
"409",0.345709252,0.220970028,"1"
"410",-0.10812426,0.228438452,"0"
"411",-0.346486243,0.334255048,"1"
"412",0.139425793,0.160119302,"0"
"413",-0.212828978,0.252925019,"0"
"414",0.428337881,-0.296454908,"1"
"415",-0.344363881,0.352112657,"0"
"416",0.463841664,-0.378171369,"1"
"417",-0.49873952,0.06526784,"1"
"418",0.207526205,0.331413461,"0"
"419",0.130187602,-0.458834696,"0"
"420",0.273078045,-0.405835172,"0"
"421",0.392606881,0.140401705,"1"
"422",0.011204083,0.181310798,"0"
"423",0.249001073,0.36522102,"0"
"424",0.426379797,-0.216849431,"1"
"425",-0.408246481,0.262721385,"1"
"426",-0.003344514,-0.085402892,"0"
"427",-0.30249874,-0.252663203,"1"
"428",0.494132901,-0.031494805,"1"
"429",-0.463178958,0.285841775,"1"
"430",-0.28243693,-0.283499045,"0"
"431",0.390936143,0.407011286,"0"
"432",-0.381063536,-0.009952401,"1"
"433",-0.130961006,0.477546369,"0"
"434",-0.33762357,-0.232845621,"1"
"435",-0.333308481,0.40069323,"0"
"436",0.472504712,-0.228833907,"1"
"437",0.310399744,0.046592726,"1"
"438",0.45332763,0.346082093,"1"
"439",-0.100089473,0.32509704,"0"
"440",0.35224732,0.347082068,"1"
"441",-0.435477143,0.408736693,"1"
"442",-0.197471233,0.444219138,"0"
"443",-0.009527132,0.336835295,"0"
"444",0.146261239,-0.241617861,"0"
"445",0.010634326,0.244136567,"0"
"446",0.297259235,-0.259067853,"1"
"447",0.065008945,0.343022753,"0"
"448",-0.146476014,0.308800563,"0"
"449",0.159099944,-0.446391576,"0"
"450",-0.260725424,-0.318551713,"0"
"451",-0.234789212,-0.100983394,"1"
"452",0.018268851,0.326253708,"0"
"453",0.237910869,0.471815727,"0"
"454",0.279610906,-0.496785688,"0"
"455",-0.385305604,0.258520066,"1"
"456",0.112373349,-0.003838157,"1"
"457",0.410936175,-0.253547346,"1"
"458",0.134021459,-0.020270743,"1"
"459",-0.225335967,-0.132178075,"1"
"460",-0.147164662,-0.405489374,"0"
"461",0.170829357,-0.346465529,"0"
"462",0.406711419,-0.485408183,"0"
"463",0.230235832,0.450592794,"0"
"464",0.419766989,-0.025069629,"1"
"465",-0.117566743,-0.460104221,"0"
"466",0.354140538,-0.475569858,"0"
"467",-0.44526591,0.464344572,"0"
"468",-0.246013971,-0.445041416,"0"
"469",-0.132871002,-0.418892215,"0"
"470",-0.139429592,-0.382275076,"0"
"471",-0.219483469,0.436330438,"0"
"472",-0.11130749,-0.203154102,"0"
"473",-0.151865558,0.487614575,"0"
"474",-0.221076933,-0.205988377,"1"
"475",0.301088135,0.173546284,"1"
"476",0.495013841,-0.255157209,"1"
"477",0.253241962,0.058873612,"1"
"478",0.103342928,-0.11749081,"0"
"479",0.09394818,-0.12075957,"0"
"480",0.082290288,0.178012634,"0"
"481",-0.261340715,0.415560311,"0"
"482",-0.045715618,0.466514423,"0"
"483",0.495516626,0.439702642,"1"
"484",-0.417254017,-0.308340027,"1"
"485",-0.448093995,-0.016623309,"1"
"486",-0.006202787,-0.126295461,"0"
"487",-0.446006404,-0.341093797,"1"
"488",0.450448573,0.449929616,"1"
"489",0.133191261,0.379786302,"0"
"490",-0.230062919,0.159699649,"1"
"491",0.496812936,0.051471281,"1"
"492",-0.141195889,0.466430146,"0"
"493",-0.128237922,-0.032080022,"1"
"494",-0.169773601,0.338031981,"0"
"495",-0.395604487,0.096769295,"1"
"496",0.079901429,-0.326201181,"0"
"497",-0.166910534,-0.179848663,"0"
"498",-0.496222421,-0.212924658,"1"
"499",0.494596109,0.019848649,"1"
"500",-0.130765139,0.461555571,"0"
"501",-0.279767439,0.499006775,"0"
"502",0.243159502,-0.288954625,"0"
"503",-0.194042688,0.341776328,"0"
"504",-0.097791151,0.380471145,"0"
"505",-0.106428557,-0.179299009,"0"
"506",-0.059243546,0.388823475,"0"
"507",0.272805076,0.19172578,"1"
"508",-0.290430957,0.158674212,"1"
"509",0.248122688,-0.371592173,"0"
"510",0.085355153,-0.253465507,"0"
"511",-0.175552804,-0.402718512,"0"
"512",-0.12495255,0.369209955,"0"
"513",-0.473062806,-0.313659156,"1"
"514",-0.016665124,-0.035537419,"0"
"515",0.470080439,-0.24459203,"1"
"516",-0.49960493,-0.23677323,"1"
"517",-0.394297451,-0.105820667,"1"
"518",-0.060056796,0.174603045,"0"
"519",-0.187701259,-0.466335753,"0"
"520",0.471332842,0.186238499,"1"
"521",0.085268869,0.090324672,"0"
"522",0.233928628,0.322487635,"0"
"523",0.163527151,0.257889478,"0"
"524",0.222984519,0.329130032,"0"
"525",-0.388985056,0.400898176,"0"
"526",-0.281420783,-0.042359417,"1"
"527",0.122566302,-0.412705652,"0"
"528",0.459280428,0.224892642,"1"
"529",0.312315728,0.026502711,"1"
"530",-0.477837165,0.121370952,"1"
"531",0.182539046,0.212995128,"0"
"532",0.330787531,-0.113735677,"1"
"533",0.307806442,0.071580363,"1"
"534",0.341845196,-0.352597501,"0"
"535",-0.312332327,-0.470231729,"0"
"536",-0.405055166,0.261555608,"1"
"537",-0.051184886,0.490426548,"0"
"538",0.100480488,-0.062873197,"1"
"539",0.363572281,0.291712536,"1"
"540",0.351455895,-0.323136452,"1"
"541",0.197781169,-0.014013664,"1"
"542",0.143972165,0.189254847,"0"
"543",0.154697129,-0.312425337,"0"
"544",0.380354868,-0.290575406,"1"
"545",0.356937166,0.180473472,"1"
"546",0.346829579,-0.096770832,"1"
"547",-0.173478948,0.455516678,"0"
"548",0.047001304,0.118926044,"0"
"549",0.234375969,0.452667466,"0"
"550",0.305295539,-0.349185178,"0"
"551",-0.293559992,0.070441879,"1"
"552",0.380161665,-0.021338333,"1"
"553",-0.103923639,-0.192772829,"0"
"554",0.48300698,0.385542569,"1"
"555",0.06142192,0.041824414,"1"
"556",0.408614467,-0.077866835,"1"
"557",0.215133768,-0.380831508,"0"
"558",-0.264363588,0.171381372,"1"
"559",-0.496094821,0.298674912,"1"
"560",-0.020619492,-0.347803132,"0"
"561",0.372133126,0.103021687,"1"
"562",-0.237672733,-0.246950142,"0"
"563",0.163404556,-0.336680983,"0"
"564",0.379644723,-0.361568104,"1"
"565",0.411505256,0.487214854,"0"
"566",-0.109681533,-0.229663567,"0"
"567",0.365150691,-0.220792252,"1"
"568",0.014618581,0.443206392,"0"
"569",0.241198946,-0.31766227,"0"
"570",0.460206614,0.375347912,"1"
"571",0.069709971,-0.314990014,"0"
"572",-0.188900492,-0.076108797,"1"
"573",0.243301628,-0.201569359,"1"
"574",-0.04952703,-0.374149538,"0"
"575",-0.026108189,0.102257319,"0"
"576",-0.025583434,-0.162558232,"0"
"577",0.240705574,-0.087184833,"1"
"578",-0.392807433,0.420297511,"0"
"579",0.142180777,0.438271305,"0"
"580",-0.077815996,0.006833273,"1"
"581",0.300509229,-0.393479999,"0"
"582",0.116788248,-0.245051494,"0"
"583",-0.250631674,0.394999388,"0"
"584",0.181223341,-0.477849614,"0"
"585",-0.152261368,-0.096124853,"1"
"586",0.391463714,-0.115118857,"1"
"587",0.157239426,-0.233272397,"0"
"588",0.438665466,-0.44302415,"0"
"589",-0.365822489,-0.344749167,"1"
"590",0.472460073,-0.080657738,"1"
"591",-0.149251481,-0.020701822,"1"
"592",-0.262999766,-0.084879701,"1"
"593",0.115628784,-0.315330192,"0"
"594",0.247133701,-0.299585366,"0"
"595",0.463518383,-0.324040573,"1"
"596",0.432684668,-0.325550109,"1"
"597",0.292186742,0.39467241,"0"
"598",-0.188265376,-0.453644065,"0"
"599",-0.406586559,0.464066794,"0"
"600",-0.292706145,-0.251692387,"1"
"601",-0.468233665,-0.235130442,"1"
"602",0.079705492,-0.076661412,"1"
"603",-0.345795164,-0.075850069,"1"
"604",-0.374729497,-0.17635067,"1"
"605",-0.352014189,-0.393030832,"0"
"606",0.413342628,-0.29011275,"1"
"607",-0.242569593,-0.076805228,"1"
"608",0.042465295,0.065680945,"0"
"609",0.149022463,0.166212061,"0"
"610",-0.35080563,0.014799978,"1"
"611",0.34894045,0.0570242,"1"
"612",-0.206494918,0.236128855,"0"
"613",0.052142001,-0.100617313,"0"
"614",0.373134855,0.310979576,"1"
"615",0.146984442,-0.264395661,"0"
"616",-0.102816608,0.107064097,"0"
"617",-0.47046655,0.057845249,"1"
"618",-0.143140829,-0.428931676,"0"
"619",0.198544672,-0.473092185,"0"
"620",-0.200551672,-0.335201703,"0"
"621",0.30487199,-0.284203547,"1"
"622",0.274279111,-0.40579944,"0"
"623",-0.288864822,0.28529847,"1"
"624",-0.122836583,-0.140612566,"0"
"625",-0.188626372,-0.271865146,"0"
"626",0.397573769,0.051893963,"1"
"627",-0.083538544,-0.49383596,"0"
"628",0.335883982,-0.37895849,"0"
"629",-0.178560272,-0.440674278,"0"
"630",-0.362603292,-0.199762942,"1"
"631",0.117712915,0.436604528,"0"
"632",0.175416509,0.237613967,"0"
"633",-0.227567896,0.468971486,"0"
"634",-0.313793031,-0.231842884,"1"
"635",-0.169673629,-0.465957728,"0"
"636",-0.378180001,0.27990895,"1"
"637",-0.264469448,0.213631255,"1"
"638",0.43284663,-0.353853693,"1"
"639",0.282541414,-0.141181157,"1"
"640",-0.048234851,-0.432233761,"0"
"641",-0.389199929,-0.220493434,"1"
"642",0.388677896,0.209009974,"1"
"643",0.313587458,0.228741066,"1"
"644",-0.303213236,0.011366053,"1"
"645",0.100222423,0.201177395,"0"
"646",-0.460042037,-0.146066277,"1"
"647",-0.026238016,-0.134909146,"0"
"648",0.276964946,-0.477311104,"0"
"649",0.079832911,-0.249914031,"0"
"650",-0.178008263,-0.208201164,"0"
"651",0.493388399,-0.118463831,"1"
"652",-0.003730633,-0.047677215,"0"
"653",0.181448376,-0.21482016,"0"
"654",0.237922634,0.122805398,"1"
"655",0.407612953,-0.434834969,"0"
"656",-0.058520824,0.051127397,"1"
"657",0.248124177,0.382449692,"0"
"658",0.254517887,-0.083567576,"1"
"659",-0.054640474,-0.398996719,"0"
"660",-0.133623948,0.203462731,"0"
"661",-0.420903001,-0.250138427,"1"
"662",-0.294804866,0.273369594,"1"
"663",0.38500082,-0.163589163,"1"
"664",0.416921713,-0.162862156,"1"
"665",0.117564355,-0.395616956,"0"
"666",-0.133958959,0.430810341,"0"
"667",0.175886585,-0.287819487,"0"
"668",-0.089580341,-0.279504335,"0"
"669",0.169335288,0.372377792,"0"
"670",0.410149408,0.051343237,"1"
"671",-0.085124576,0.269294773,"0"
"672",-0.347048368,0.41006884,"0"
"673",-0.12252628,0.443544282,"0"
"674",-0.034209745,0.225948499,"0"
"675",-0.255729241,0.364951264,"0"
"676",-0.381780643,0.479449611,"0"
"677",-0.491717645,-0.337095799,"1"
"678",0.150868898,0.124360517,"1"
"679",-0.443434416,0.297445107,"1"
"680",-0.36989077,0.12661137,"1"
"681",0.460689858,-0.441695655,"1"
"682",-0.240428442,-0.325619009,"0"
"683",-0.490933399,0.406194852,"1"
"684",0.492870629,-0.22136784,"1"
"685",0.152903802,0.43750371,"0"
"686",0.22448482,-0.489753612,"0"
"687",0.214281988,-0.009626402,"1"
"688",0.325024178,0.188343525,"1"
"689",-0.351755079,-0.228953772,"1"
"690",0.175003473,-0.421109766,"0"
"691",0.346872858,0.044444018,"1"
"692",0.492584993,0.488941555,"1"
"693",-0.195906814,0.149021995,"1"
"694",-0.354605111,-0.021606247,"1"
"695",0.019036944,-0.329126658,"0"
"696",0.332152318,0.424159535,"0"
"697",0.418171508,0.401048103,"1"
"698",-0.151896137,-0.12668823,"1"
"699",-0.167310663,0.304569483,"0"
"700",0.338867004,-0.252214589,"1"
"701",-0.05376041,0.337128685,"0"
"702",0.194593564,-0.004300395,"1"
"703",0.402810826,-0.123759266,"1"
"704",-0.470525796,-0.400299942,"1"
"705",-0.028192282,0.012947906,"1"
"706",-0.091109786,0.240627651,"0"
"707",-0.163059727,0.285538741,"0"
"708",0.163275549,-0.174542416,"0"
"709",0.373135848,0.132882179,"1"
"710",-0.413240587,0.159430523,"1"
"711",-0.165356402,0.327569632,"0"
"712",0.433748877,0.110106265,"1"
"713",0.418592991,0.215251603,"1"
"714",0.186753216,-0.273814567,"0"
"715",-0.116456422,0.101957367,"1"
"716",-0.491017833,0.177899166,"1"
"717",0.219938769,-0.090204153,"1"
"718",-0.019073386,0.32325484,"0"
"719",-0.496277213,0.121867615,"1"
"720",0.072111683,-0.003472295,"1"
"721",-0.419344962,-0.446069132,"0"
"722",-0.120109272,-0.214652894,"0"
"723",0.499523677,-0.315249977,"1"
"724",-0.402532534,-0.120799098,"1"
"725",0.304216082,0.303916916,"1"
"726",-0.415770416,0.03218362,"1"
"727",0.377182388,-0.475122404,"0"
"728",0.482542838,0.46107675,"1"
"729",0.109853369,0.328618722,"0"
"730",0.184833081,0.263579335,"0"
"731",-0.005404899,0.041436752,"0"
"732",-0.224010979,0.072389733,"1"
"733",-0.496278882,-0.351816817,"1"
"734",0.164426274,0.010007438,"1"
"735",0.048279016,0.260999102,"0"
"736",0.096033634,0.467597575,"0"
"737",-0.191653695,0.069575427,"1"
"738",0.397289331,-0.38433651,"1"
"739",0.416157075,-0.355079325,"1"
"740",0.47169054,0.119518452,"1"
"741",-0.157623799,-0.251954666,"0"
"742",0.428428851,-0.009788122,"1"
"743",0.418632505,-0.344870078,"1"
"744",0.191446334,0.253449416,"0"
"745",0.269923869,0.490270402,"0"
"746",0.102196601,-0.211601575,"0"
"747",0.269321489,-0.379291033,"0"
"748",-0.402016917,-0.202247963,"1"
"749",-0.268247606,-0.483880221,"0"
"750",0.206835322,0.175912712,"1"
"751",-0.471178039,0.363821357,"1"
"752",0.131142367,0.267613322,"0"
"753",0.172157781,0.381205893,"0"
"754",-0.047114266,-0.276027513,"0"
"755",0.175898803,0.221569608,"0"
"756",-0.490606689,0.192485142,"1"
"757",-0.436519618,0.359074963,"1"
"758",-0.220766817,-0.267081005,"0"
"759",-0.032113057,0.372158292,"0"
"760",0.276457262,-0.08700647,"1"
"761",-0.133075734,0.276460167,"0"
"762",0.400720072,-0.128162645,"1"
"763",0.021405264,0.05849019,"0"
"764",-0.210390674,-0.42414396,"0"
"765",-0.255416666,0.356890628,"0"
"766",0.089133301,0.187121654,"0"
"767",-0.119243636,-0.16426632,"0"
"768",0.205413333,-0.081631028,"1"
"769",-0.383959227,-0.146181395,"1"
"770",0.098454862,-0.495539256,"0"
"771",0.34607314,-0.353476294,"0"
"772",-0.14913598,0.239962768,"0"
"773",-0.183832971,-0.40119374,"0"
"774",0.280196068,-0.130623129,"1"
"775",-0.245210078,0.199528311,"1"
"776",0.340200149,-0.219391886,"1"
"777",0.251392944,-0.032298514,"1"
"778",-0.191217734,-0.409124843,"0"
"779",-0.041953071,-0.358741096,"0"
"780",-0.085101986,-0.237225523,"0"
"781",-0.174983974,0.166199541,"1"
"782",-0.364383454,0.194249017,"1"
"783",0.410110965,-0.078677487,"1"
"784",-0.349615135,0.238296961,"1"
"785",0.337922945,-0.263123144,"1"
"786",0.044273399,-0.10658481,"0"
"787",-0.384047251,-0.119257342,"1"
"788",-0.455770656,0.388367746,"1"
"789",-0.217306527,-0.103490339,"1"
"790",0.381263746,-0.434486881,"0"
"791",0.336947951,0.015604707,"1"
"792",-0.442238176,-0.035005879,"1"
"793",-0.451278989,0.024951637,"1"
"794",-0.183363668,-0.349756745,"0"
"795",-0.368567876,0.211000865,"1"
"796",-0.464387564,-0.129701838,"1"
"797",-0.37916532,-0.046665611,"1"
"798",0.067882622,0.117913481,"0"
"799",-0.372659189,-0.216332064,"1"
"800",0.258052353,-0.293017056,"0"
"801",-0.400573913,0.107758518,"1"
"802",-0.270065924,0.166271647,"1"
"803",-0.056373795,-0.298759849,"0"
"804",0.015704905,0.363389909,"0"
"805",0.424894246,-0.064898943,"1"
"806",-0.455543164,-0.498901615,"0"
"807",-0.35084342,0.201569143,"1"
"808",0.348173884,-0.090421788,"1"
"809",-0.347044092,-0.192685095,"1"
"810",0.324966799,-0.13182145,"1"
"811",0.36319212,0.390198576,"0"
"812",0.15435866,0.160481355,"0"
"813",-0.477991398,-0.287292681,"1"
"814",0.497943049,0.333987734,"1"
"815",-0.352352594,0.071974911,"1"
"816",-0.417442294,0.434349286,"0"
"817",0.297693221,-0.307792633,"0"
"818",-0.155934592,-0.494399288,"0"
"819",0.228606009,-0.417030886,"0"
"820",-0.158950416,-0.438319226,"0"
"821",0.360830312,-0.195886255,"1"
"822",-0.09277656,0.06717831,"1"
"823",0.068560472,0.368846873,"0"
"824",0.40155034,-0.088093127,"1"
"825",0.435264587,-0.061344411,"1"
"826",0.347200065,-0.268267795,"1"
"827",-0.085977048,-0.139640411,"0"
"828",-0.152565572,-0.054618967,"1"
"829",-0.043101609,0.391860496,"0"
"830",0.403774577,-0.024120345,"1"
"831",-0.139722279,0.274428101,"0"
"832",0.079149223,-0.192800576,"0"
"833",0.12818284,0.321368765,"0"
"834",0.213486996,-0.249201713,"0"
"835",-0.477939755,0.249072672,"1"
"836",-0.003093415,0.23307295,"0"
"837",-0.0594972,0.131442037,"0"
"838",0.057742104,-0.21515567,"0"
"839",-0.324381146,-0.135059495,"1"
"840",0.063586901,0.488211082,"0"
"841",0.109652349,0.165147224,"0"
"842",0.1390129,-0.034190026,"1"
"843",0.292989007,-0.389916139,"0"
"844",-0.153553896,-0.11198348,"1"
"845",-0.166496837,-0.015264484,"1"
"846",0.487471286,0.115823411,"1"
"847",0.216450798,0.158124186,"1"
"848",-0.088963151,-0.135713632,"0"
"849",0.070243356,0.166233814,"0"
"850",-0.395050392,-0.445699144,"0"
"851",0.367268521,-0.014504426,"1"
"852",-0.022121859,-0.28913876,"0"
"853",-0.221433372,-0.432043057,"0"
"854",-0.036979261,0.334923235,"0"
"855",-0.458915147,0.131365421,"1"
"856",0.374346916,-0.319987132,"1"
"857",0.243338249,0.297722945,"0"
"858",-0.42736718,0.382581403,"1"
"859",-0.074034982,0.415042051,"0"
"860",0.015774099,-0.122778499,"0"
"861",0.238704572,-0.394919563,"0"
"862",-0.231979643,-0.136154787,"1"
"863",-0.012700713,0.00851983,"1"
"864",0.462395373,0.207368178,"1"
"865",0.34188515,0.121825181,"1"
"866",-0.231891779,-0.467910672,"0"
"867",-0.239260303,0.265292827,"0"
"868",0.41338518,0.038431823,"1"
"869",0.099107253,-0.013606606,"1"
"870",-0.436331637,-0.36012219,"1"
"871",0.217366333,0.066867211,"1"
"872",0.242143979,-0.308841885,"0"
"873",-0.237293028,0.176301202,"1"
"874",0.03002265,-0.061838184,"0"
"875",0.304355883,0.084411029,"1"
"876",0.227818886,0.259286187,"0"
"877",0.365394731,-0.498633448,"0"
"878",-0.45360402,0.020941393,"1"
"879",-0.491918755,-0.016221527,"1"
"880",0.439389792,0.161978347,"1"
"881",-0.258337568,0.11002695,"1"
"882",0.399706941,0.089854042,"1"
"883",0.011348114,0.3215091,"0"
"884",0.196935137,-0.085647378,"1"
"885",0.45705535,-0.298110806,"1"
"886",-0.445832621,0.393811863,"1"
"887",-0.370402295,0.371067606,"0"
"888",0.268204499,0.303938359,"0"
"889",0.361314943,-0.328631729,"1"
"890",0.227872619,-0.39886014,"0"
"891",0.404204159,0.417963208,"0"
"892",0.241511442,0.336317548,"0"
"893",-0.338488461,-0.116059522,"1"
"894",-0.017550397,-0.226387147,"0"
"895",-0.089950603,0.193594555,"0"
"896",-0.034092736,-0.119935667,"0"
"897",-0.056500803,0.498172167,"0"
"898",-0.473475796,-0.17421429,"1"
"899",0.153952265,0.012717742,"1"
"900",-0.109416356,0.073361355,"1"
"901",-0.473776066,-0.303789039,"1"
"902",-0.208999665,-0.193696988,"1"
"903",-0.499551171,0.274638885,"1"
"904",0.145466875,0.264851437,"0"
"905",0.326924642,0.350665985,"0"
"906",0.254912429,-0.228182141,"1"
"907",0.014817853,0.492149014,"0"
"908",0.119599252,0.047244355,"1"
"909",-0.102010704,0.432613668,"0"
"910",-0.069462798,0.097395408,"0"
"911",0.134725054,-0.277473378,"0"
"912",-0.020206732,-0.429379572,"0"
"913",0.059363335,0.119219635,"0"
"914",0.009743299,-0.394372613,"0"
"915",0.326510128,0.167768593,"1"
"916",0.060097658,-0.015701031,"1"
"917",-0.486719242,-0.008305589,"1"
"918",-0.024406248,0.351855835,"0"
"919",-0.463558185,-0.432117185,"1"
"920",-0.2551658,0.081519443,"1"
"921",0.454687204,-0.490740172,"0"
"922",-0.230374835,0.315075643,"0"
"923",-0.45278674,0.240966282,"1"
"924",0.461704565,0.345923924,"1"
"925",-0.458823431,0.160420404,"1"
"926",0.068571581,0.40799635,"0"
"927",-0.01062452,0.30409695,"0"
"928",0.315682524,0.001030762,"1"
"929",0.026233232,-0.436195048,"0"
"930",0.33683792,-0.33490176,"1"
"931",-0.428173705,-0.002236927,"1"
"932",0.245558193,-0.369290666,"0"
"933",-0.162539804,-0.40607363,"0"
"934",0.12040413,0.053794145,"1"
"935",0.217978594,-0.003441706,"1"
"936",0.449624878,0.246836593,"1"
"937",-0.228048783,-0.012294406,"1"
"938",0.47180853,0.483347237,"0"
"939",-0.027592569,-0.453893821,"0"
"940",0.297626315,0.445414031,"0"
"941",0.408888868,0.246565746,"1"
"942",0.490690205,0.385279385,"1"
"943",-0.278679775,-0.450675973,"0"
"944",-0.307553243,-0.049607808,"1"
"945",0.209934936,0.203572835,"1"
"946",0.345701196,0.345489898,"1"
"947",-0.45624283,0.084787027,"1"
"948",0.228324816,-0.178620548,"1"
"949",-0.200808787,0.254104435,"0"
"950",-0.24231581,0.051578101,"1"
"951",0.480479961,0.072700814,"1"
"952",0.365344445,-0.379344861,"0"
"953",0.164117998,-0.421816289,"0"
"954",0.36887276,-0.029019095,"1"
"955",0.343406124,0.274796696,"1"
"956",0.466682172,-0.412996958,"1"
"957",0.413265561,0.312957789,"1"
"958",-0.216392913,0.446303341,"0"
"959",-0.04219092,-0.256136063,"0"
"960",0.368902712,-0.343655814,"1"
"961",0.016551631,-0.468555819,"0"
"962",-0.234122857,0.118317203,"1"
"963",0.368621322,0.135445651,"1"
"964",0.190165974,0.345672538,"0"
"965",0.094510347,0.493200354,"0"
"966",0.423572383,-0.40479308,"1"
"967",-0.350617153,0.130696023,"1"
"968",0.306451119,0.054363766,"1"
"969",-0.188553977,-0.336705484,"0"
"970",0.42087447,0.122858089,"1"
"971",0.149581047,-0.493031236,"0"
"972",-0.321643454,0.205322429,"1"
"973",-0.05862037,-0.489553319,"0"
"974",0.25463923,-0.386773753,"0"
"975",-0.242307336,0.363708813,"0"
"976",0.498937766,0.150027886,"1"
"977",0.022450141,0.120635684,"0"
"978",0.498112822,0.081082651,"1"
"979",-0.09739157,-0.383771138,"0"
"980",0.084302423,0.474047544,"0"
"981",0.391811889,0.38682509,"1"
"982",0.353427121,-0.245293018,"1"
"983",-0.070766873,0.420477402,"0"
"984",-0.221227401,-0.485806968,"0"
"985",0.391857965,0.325243625,"1"
"986",0.487307743,0.123832203,"1"
"987",-0.360410796,0.19999145,"1"
"988",0.040398289,0.102156875,"0"
"989",-0.189414073,-0.291635396,"0"
"990",0.352080375,-0.192300512,"1"
"991",-0.456469878,-0.345255214,"1"
"992",-0.127827716,-0.133748651,"0"
"993",0.015976577,-0.430783771,"0"
"994",0.267763015,0.35743425,"0"
"995",-0.212650142,0.42816469,"0"
"996",0.316648776,0.453513073,"0"
"997",-0.494726524,0.429534057,"1"
"998",-0.477690396,0.422442125,"1"
"999",-0.257029388,0.345202659,"0"
"1000",0.331358973,0.351049596,"0"
"1001",-0.425951704,-0.401306138,"1"
"1002",-0.388133642,0.009629891,"1"
"1003",0.123944005,-0.205125529,"0"
"1004",0.1710818,-0.231371251,"0"
"1005",-0.13410579,-0.18700524,"0"
"1006",-0.316818612,0.451897367,"0"
"1007",-0.473280298,-0.376758903,"1"
"1008",-0.009547477,-0.169694899,"0"
"1009",0.095927963,0.123568432,"0"
"1010",0.456143547,-0.301580248,"1"
"1011",-0.141610878,0.121543507,"1"
"1012",-0.320544265,-0.248431725,"1"
"1013",0.492507246,-0.323750952,"1"
"1014",-0.46929826,0.193639614,"1"
"1015",0.223105238,-0.350771997,"0"
"1016",-0.455576699,-0.277170367,"1"
"1017",-0.217760254,-0.169347888,"1"
"1018",-0.442096139,0.356849345,"1"
"1019",0.157859472,0.074541121,"1"
"1020",0.400996441,-0.484000262,"0"
"1021",-0.018047827,-0.475356301,"0"
"1022",0.218140758,0.399306253,"0"
"1023",0.170357311,-0.318730677,"0"
"1024",-0.130445729,-0.453590409,"0"
"1025",0.487303669,-0.314366857,"1"
"1026",-0.14205421,-0.080324345,"1"
"1027",-0.221114268,-0.439548466,"0"
"1028",-0.204781668,-0.363505886,"0"
"1029",0.225533662,-0.043869098,"1"
"1030",0.023708142,0.174822342,"0"
"1031",0.3987096,0.06206824,"1"
"1032",0.054534343,-0.38644139,"0"
"1033",-0.319055405,-0.110750615,"1"
"1034",0.487677412,0.329725538,"1"
"1035",-0.415505413,-0.389509105,"1"
"1036",-0.219846563,-0.360529019,"0"
"1037",-0.113222091,-0.13058401,"0"
"1038",0.167581453,-0.177732864,"0"
"1039",0.032471244,0.000755748,"1"
"1040",-0.269038672,-0.272195866,"0"
"1041",0.132278959,-0.370681779,"0"
"1042",0.038720104,-0.303110486,"0"
"1043",0.214349858,-0.104360041,"1"
"1044",0.277633956,-0.031087121,"1"
"1045",-0.32490555,0.178304573,"1"
"1046",0.283995329,-0.288423334,"0"
"1047",0.45789549,0.055004208,"1"
"1048",0.381403523,0.301390327,"1"
"1049",0.443892431,-0.177636299,"1"
"1050",-0.330432558,-0.329612802,"1"
"1051",-0.350236112,-0.246185725,"1"
"1052",-0.348874103,-0.424007076,"0"
"1053",0.144125225,-0.094837803,"1"
"1054",0.167740967,-0.303783189,"0"
"1055",0.169545366,-0.164838661,"1"
"1056",-0.28981741,-0.150606862,"1"
"1057",-0.310027065,-0.05658908,"1"
"1058",-0.022700444,-0.243541687,"0"
"1059",0.276646862,-0.350469871,"0"
"1060",0.273280044,-0.068771136,"1"
"1061",0.025627148,0.207169879,"0"
"1062",0.479644698,-0.070225525,"1"
"1063",0.489232731,-0.027538071,"1"
"1064",0.026594938,0.49409714,"0"
"1065",-0.403195743,0.414788509,"0"
"1066",0.068567172,0.303843082,"0"
"1067",-0.359848121,0.496996671,"0"
"1068",0.09003401,0.070359902,"1"
"1069",0.431667195,-0.15379606,"1"
"1070",-0.300351827,-0.134655204,"1"
"1071",-0.091250782,-0.018018869,"1"
"1072",-0.130566702,-0.228310143,"0"
"1073",0.246998376,0.09149446,"1"
"1074",-0.38700804,-0.206997953,"1"
"1075",-0.377040133,0.324456977,"1"
"1076",0.219678602,-0.097460209,"1"
"1077",0.360271707,-0.291144112,"1"
"1078",-0.259088098,-0.20383504,"1"
"1079",0.16429436,-0.125538601,"1"
"1080",-0.181102138,0.099570155,"1"
"1081",0.281142135,0.257861193,"1"
"1082",0.159678282,0.27975331,"0"
"1083",-0.265095148,-0.070797897,"1"
"1084",-0.254252536,0.069551053,"1"
"1085",0.19465032,-0.343674311,"0"
"1086",-0.256325976,-0.220943684,"1"
"1087",0.061437565,0.252403354,"0"
"1088",0.296577516,-0.456498889,"0"
"1089",0.12143327,0.255054536,"0"
"1090",-0.029708236,-0.095123491,"0"
"1091",0.124193681,0.427861519,"0"
"1092",0.499853646,0.353438232,"1"
"1093",0.260427968,-0.060150309,"1"
"1094",-0.379646561,-0.408158795,"0"
"1095",-0.178115416,-0.357496605,"0"
"1096",0.272022799,-0.449671787,"0"
"1097",0.455274683,0.282028402,"1"
"1098",-0.101241443,0.340025608,"0"
"1099",-0.305652269,0.181718561,"1"
"1100",0.483098178,0.357860682,"1"
"1101",-0.353561141,-0.283079096,"1"
"1102",0.307343557,0.12631521,"1"
"1103",0.202470279,0.05430941,"1"
"1104",0.29947655,-0.156845878,"1"
"1105",0.030801191,0.155334211,"0"
"1106",-0.039844968,0.349807288,"0"
"1107",-0.347280916,-0.163515767,"1"
"1108",0.49810672,0.394048942,"1"
"1109",0.057312655,0.468965157,"0"
"1110",-0.007816709,0.197786235,"0"
"1111",-0.087413386,0.209437418,"0"
"1112",-0.242598255,-0.186663303,"1"
"1113",-0.335797469,-0.131597276,"1"
"1114",0.371655252,-0.327825925,"1"
"1115",0.131293145,0.118742371,"1"
"1116",0.463963124,0.084010117,"1"
"1117",0.443785176,-0.316452557,"1"
"1118",0.455002926,-0.235745615,"1"
"1119",0.397926668,0.277882086,"1"
"1120",-0.078069733,-0.214868481,"0"
"1121",0.498057382,0.2844506,"1"
"1122",0.275501184,0.380527405,"0"
"1123",0.252772056,0.425328094,"0"
"1124",-0.358731367,0.343946809,"1"
"1125",-0.250789435,0.007617947,"1"
"1126",0.085415466,0.165681797,"0"
"1127",-0.065083429,0.352085268,"0"
"1128",-0.385730371,0.156954262,"1"
"1129",0.261027492,-0.145668896,"1"
"1130",0.392411956,0.35467479,"1"
"1131",-0.353982791,-0.239903806,"1"
"1132",-0.118778165,0.300143809,"0"
"1133",-0.330521602,-0.28488394,"1"
"1134",0.499622951,0.431196776,"1"
"1135",-0.327718387,0.010967092,"1"
"1136",0.048413014,-0.167454292,"0"
"1137",0.088928068,-0.120325527,"0"
"1138",0.427986601,-0.204319157,"1"
"1139",0.140372698,0.351252204,"0"
"1140",-0.012466366,0.020486683,"0"
"1141",-0.246562168,-0.161589711,"1"
"1142",-0.368385497,0.184246117,"1"
"1143",-0.050335162,0.007465963,"1"
"1144",0.289089967,-0.414181352,"0"
"1145",0.449743764,-0.00922528,"1"
"1146",-0.138395484,0.028747608,"1"
"1147",-0.193957142,-0.151622079,"1"
"1148",-0.132232107,0.041542612,"1"
"1149",-0.197940745,-0.469188162,"0"
"1150",-0.441553566,0.053051161,"1"
"1151",0.410469695,0.451171747,"0"
"1152",-0.350908691,0.42230411,"0"
"1153",0.034857797,-0.198712959,"0"
"1154",-0.157399329,0.074267908,"1"
"1155",0.204598499,0.228381274,"0"
"1156",0.036068066,0.043024538,"0"
"1157",0.432174849,0.167858856,"1"
"1158",0.443759067,0.036475968,"1"
"1159",0.309700371,-0.259514411,"1"
"1160",0.065672869,0.006556256,"1"
"1161",0.190012311,0.053754308,"1"
"1162",-0.086402311,-0.218283189,"0"
"1163",-0.09768283,-0.465390327,"0"
"1164",-0.488023772,-0.263896442,"1"
"1165",-0.26693114,0.066519791,"1"
"1166",-0.282062774,-0.150179561,"1"
"1167",0.308993577,0.10679925,"1"
"1168",0.041325973,0.123493796,"0"
"1169",-0.276552896,0.214413892,"1"
"1170",-0.164214834,0.155930519,"1"
"1171",0.156496287,-0.188386618,"0"
"1172",0.196957609,0.308134395,"0"
"1173",-0.202547647,0.189493367,"1"
"1174",-0.103815109,-0.1925102,"0"
"1175",4.76e-06,-0.469270001,"0"
"1176",0.479932919,-0.12581407,"1"
"1177",0.293372326,0.396871535,"0"
"1178",0.25322546,0.158742891,"1"
"1179",0.106081025,-0.245639204,"0"
"1180",-0.208697956,0.441237875,"0"
"1181",-0.150992406,-0.082107791,"1"
"1182",-0.135228246,-0.053100958,"1"
"1183",-0.127318076,0.219604492,"0"
"1184",-0.371504376,0.499521842,"0"
"1185",0.453522193,-0.125868311,"1"
"1186",-0.384538963,-0.066094658,"1"
"1187",-0.498016259,-0.362751221,"1"
"1188",-0.182687317,0.49309143,"0"
"1189",0.233074472,-0.407041692,"0"
"1190",-0.472336965,0.452449835,"1"
"1191",-0.486222078,0.481086807,"1"
"1192",-0.195816685,-0.474129808,"0"
"1193",-0.107454923,0.078243953,"1"
"1194",0.366850457,0.096259905,"1"
"1195",-0.321766886,0.130681275,"1"
"1196",-0.003500274,0.046360179,"0"
"1197",-0.120305282,0.191629265,"0"
"1198",-0.309345014,0.190569579,"1"
"1199",0.494402615,0.429498439,"1"
"1200",-0.471222922,-0.038298399,"1"
"1201",0.473458072,-0.477556868,"0"
"1202",0.271742517,0.147099873,"1"
"1203",-0.00502001,-0.11130818,"0"
"1204",-0.107393941,-0.366030446,"0"
"1205",-0.39469413,0.273224313,"1"
"1206",-0.143929434,-0.469021702,"0"
"1207",0.280769942,0.349609861,"0"
"1208",0.137963134,0.024204713,"1"
"1209",0.289269735,0.367893285,"0"
"1210",0.307865057,-0.262068412,"1"
"1211",-0.433032353,-0.435954352,"0"
"1212",-0.036958574,-0.10378782,"0"
"1213",0.221013686,-0.081605244,"1"
"1214",0.174881998,-0.068062322,"1"
"1215",-0.299729791,-0.152884484,"1"
"1216",-0.08337876,-0.144564863,"0"
"1217",-0.280529969,0.254484854,"1"
"1218",-0.475537491,-0.257865212,"1"
"1219",-0.38658228,-0.33457777,"1"
"1220",-0.230596595,0.353390221,"0"
"1221",0.007509401,-0.242694989,"0"
"1222",-0.13191047,-0.094835415,"1"
"1223",-0.414239403,0.391120405,"1"
"1224",0.48376003,0.113454939,"1"
"1225",-0.47671053,0.312520278,"1"
"1226",0.128853515,0.157325761,"0"
"1227",-0.484465779,0.073606112,"1"
"1228",-0.354536075,0.325137758,"1"
"1229",0.026779035,0.197393767,"0"
"1230",0.042079985,0.069679372,"0"
"1231",0.305175351,0.103260353,"1"
"1232",0.103830589,0.029565235,"1"
"1233",-0.283271116,0.112724745,"1"
"1234",0.122855653,-0.474042807,"0"
"1235",-0.21095626,-0.208325617,"1"
"1236",0.167111522,-0.059161823,"1"
"1237",0.260201452,0.248191364,"1"
"1238",-0.193723341,0.415931152,"0"
"1239",0.075959667,-0.397106566,"0"
"1240",-0.387437466,-0.35743196,"1"
"1241",0.44946394,-0.228584805,"1"
"1242",0.142815416,0.112184037,"1"
"1243",-0.069671141,0.392081633,"0"
"1244",0.046463419,0.40285356,"0"
"1245",-0.141498868,-0.449414075,"0"
"1246",-0.412577329,-0.373036519,"1"
"1247",0.4846748,-0.047801913,"1"
"1248",-0.480899862,-0.16352797,"1"
"1249",-0.051745601,-0.215225473,"0"
"1250",-0.229253222,-0.432157614,"0"
